Lot;Date;t;ID;ID_cosm;Dose_EPX;Dose_IMD;Ratio;Line;Nb_rep;No_vdt;w;CiEPX;CiIMD;CeIMD;CeEPX;
D;26/03/2025;0;17;9;167,4801;0;E;5;1;1;696,40;;;0;127730,5;
E;01/04/2035;0;163;23;167,4801;0;E;5;3;1;424,50;;;0;125532;
D;26/03/2025;0;45;37;125,6101;0,1161;F;5;1;1;810,90;;;99,3;92474,9;
E;01/04/2035;0;189;51;125,6101;0,1161;F;5;3;1;719,30;;;99,9;112198;
D;26/03/2025;0;73;65;83,7401;0,2321;G;5;1;1;454,40;;;165,6;64413,5;
E;01/04/2035;0;217;81;83,7401;0,2321;G;5;3;1;367,40;;;146,4;67647,2;
D;26/03/2025;0;101;95;41,87;0,3482;H;5;1;1;585,70;;;336;35850,3;
E;01/04/2035;0;247;109;41,87;0,3482;H;5;3;1;423,80;;;340,6;36135,8;
D;26/03/2025;0;129;123;0;0,4643;I;5;1;1;633,60;;;422,8;0;
E;01/04/2035;0;273;137;0;0,4643;I;5;3;1;359,40;;;422,1;0;
D;26/03/2025;0;18;9;167,4801;0;E;5;1;2;682,10;;;0;127730,5;
E;01/04/2035;0;148;73;0,9418;0;E;1;3;2;618,80;;;0;167,48;No measured Ce for this specific earthworm 
D;26/03/2025;0;46;37;125,6101;0,1161;F;5;1;2;486,50;;;99,3;92474,9;
E;01/04/2035;0;190;51;125,6101;0,1161;F;5;3;2;532,90;;;99,9;112198;
D;26/03/2025;0;74;65;83,7401;0,2321;G;5;1;2;382,20;;;165,6;64413,5;
E;01/04/2035;0;218;81;83,7401;0,2321;G;5;3;2;296,70;;;146,4;67647,2;
D;26/03/2025;0;102;95;41,87;0,3482;H;5;1;2;648,20;;;336;35850,3;
E;01/04/2035;0;248;109;41,87;0,3482;H;5;3;2;753,00;;;340,6;36135,8;
D;26/03/2025;0;130;123;0;0,4643;I;5;1;2;415,70;;;422,8;0;
E;01/04/2035;0;274;137;0;0,4643;I;5;3;2;505,80;;;422,1;0;
D;23/04/2025;28;17;9;167,4801;0;E;5;1;1;817,00;;;;;
E;29/04/2035;28;163;23;167,4801;0;E;5;3;1;558,20;;;;;
D;23/04/2025;28;45;37;125,6101;0,1161;F;5;1;1;997,30;;;;;
E;29/04/2035;28;189;51;125,6101;0,1161;F;5;3;1;760,90;;;;;
D;23/04/2025;28;73;65;83,7401;0,2321;G;5;1;1;558,30;;;;;
E;29/04/2035;28;217;81;83,7401;0,2321;G;5;3;1;627,30;;;;;
D;23/04/2025;28;101;95;41,87;0,3482;H;5;1;1;694,00;;;;;
E;29/04/2035;28;247;109;41,87;0,3482;H;5;3;1;469,50;;;;;
D;23/04/2025;28;129;123;0;0,4643;I;5;1;1;554,00;;;;;
E;29/04/2035;28;273;137;0;0,4643;I;5;3;1;425,80;;;;;
D;23/04/2025;28;18;9;167,4801;0;E;5;1;2;771,40;;;;;
E;29/04/2035;28;148;73;0,9418;0;E;1;3;2;824,60;;;;;
D;23/04/2025;28;46;37;125,6101;0,1161;F;5;1;2;507,20;;;;;
E;29/04/2035;28;190;51;125,6101;0,1161;F;5;3;2;609,10;;;;;
D;23/04/2025;28;74;65;83,7401;0,2321;G;5;1;2;555,90;;;;;
E;29/04/2035;28;218;81;83,7401;0,2321;G;5;3;2;536,00;;;;;
D;23/04/2025;28;102;95;41,87;0,3482;H;5;1;2;774,40;;;;;
E;29/04/2035;28;248;109;41,87;0,3482;H;5;3;2;681,50;;;;;
D;23/04/2025;28;130;123;0;0,4643;I;5;1;2;443,50;;;;;
E;29/04/2035;28;274;137;0;0,4643;I;5;3;2;357,10;;;;;
D;24/04/2025;29,1;17;9;167,4801;0;E;5;1;1;644,2;78 789 ;3;;;
E;30/04/2035;29,1;163;23;167,4801;0;E;5;3;1;463,5;95 693 ;2;;;
D;24/04/2025;29,1;45;37;125,6101;0,1161;F;5;1;1;856,7;60 792 ;1 918;;;
E;30/04/2035;29,1;189;51;125,6101;0,1161;F;5;3;1;556,1;73 695 ;1 714;;;
D;24/04/2025;29,1;73;65;83,7401;0,2321;G;5;1;1;466,1;34 920 ;1 505;;;
E;30/04/2035;29,1;217;81;83,7401;0,2321;G;5;3;1;821,3;44 659 ;1 800;;;
D;24/04/2025;29,1;101;95;41,87;0,3482;H;5;1;1;566,20;21 556 ;1 338;;;
E;30/04/2035;29,1;247;109;41,87;0,3482;H;5;3;1;524,6;25 129 ;1 609;;;
D;24/04/2025;29,1;129;123;0;0,4643;I;5;1;1;320,50;150 ;1 780;;;
E;30/04/2035;29,1;273;137;0;0,4643;I;5;3;1;525,3;86 ;2 343;;;
D;24/04/2025;29,1;18;9;167,4801;0;E;5;1;2;484,3;90 657 ;12;;;
E;30/04/2035;29,1;148;73;0,9418;0;E;1;3;2;721,3;571 ;0,2;;;
D;24/04/2025;29,1;46;37;125,6101;0,1161;F;5;1;2;361,8;74 286 ;2 137;;;
E;30/04/2035;29,1;190;51;125,6101;0,1161;F;5;3;2;436,4;84 615 ;1 673;;;
D;24/04/2025;29,1;74;65;83,7401;0,2321;G;5;1;2;498,3;38 410 ;1 322;;;
E;30/04/2035;29,1;218;81;83,7401;0,2321;G;5;3;2;560,7;49 522 ;1 382;;;
D;24/04/2025;29,1;102;95;41,87;0,3482;H;5;1;2;636,10;18 591 ;1 121;;;
E;30/04/2035;29,1;248;109;41,87;0,3482;H;5;3;2;372,2;22 178 ;2 129;;;
D;24/04/2025;29,1;130;123;0;0,4643;I;5;1;2;453,20;56 ;1 484;;;
E;30/04/2035;29,1;274;137;0;0,4643;I;5;3;2;361,2;94 ;1 568;;;
D;26/03/2025;0;141;71;0;0;N;0;1;1;507,50;;;0;0,2;
E;01/04/2035;0;288;143;0;0;N;0;3;1;623,90;;;0;0,2;
E;01/04/2035;0;162;81;167,4801;0;E;5;3;2;525,80;;;0;125532;
D;26/03/2025;0;5;3;9,4181;0;E;2;1;1;819,50;;;0,7;6797,2;
E;01/04/2035;0;149;75;9,4181;0;E;2;3;1;550,70;;;0;7021,3;
D;26/03/2025;0;33;17;7,0636;0,0065;F;2;1;1;540,20;;;5,2;5157,2;
E;01/04/2035;0;179;89;7,0636;0,0065;F;2;3;1;576,10;;;5,4;5182;
D;26/03/2025;0;61;31;4,709;0,0131;G;2;1;1;363,00;;;9,6;3519,5;
E;01/04/2035;0;205;103;4,709;0,0131;G;2;3;1;527,40;;;9,2;3679,7;
D;26/03/2025;0;89;45;2,3545;0,0196;H;2;1;1;554,80;;;12,5;1418,2;
E;01/04/2035;0;236;117;2,3545;0,0196;H;2;3;1;564,20;;;13;2173,8;
D;26/03/2025;0;117;59;0;0,0261;I;2;1;1;380,20;;;22;0;
E;01/04/2035;0;263;131;0;0,0261;I;2;3;1;541,70;;;21,7;3,4;
D;26/03/2025;0;6;3;9,4181;0;E;2;1;2;531,80;;;0,7;6797,2;
E;01/04/2035;0;152;75;9,4181;0;E;2;3;2;491,90;;;0;7021,3;
D;26/03/2025;0;34;17;7,0636;0,0065;F;2;1;2;533,60;;;5,2;5157,2;
E;01/04/2035;0;178;89;7,0636;0,0065;F;2;3;2;591,80;;;5,4;5182;
D;26/03/2025;0;62;31;4,709;0,0131;G;2;1;2;614,70;;;9,6;3519,5;
E;01/04/2035;0;208;103;4,709;0,0131;G;2;3;2;322,40;;;9,2;3679,7;
D;26/03/2025;0;90;45;2,3545;0,0196;H;2;1;2;527,30;;;12,5;1418,2;
E;01/04/2035;0;233;117;2,3545;0,0196;H;2;3;2;653,70;;;13;2173,8;
D;26/03/2025;0;118;59;0;0,0261;I;2;1;2;702,70;;;22;0;
E;01/04/2035;0;262;131;0;0,0261;I;2;3;2;418,70;;;21,7;3,4;
D;23/04/2025;28;141;71;0;0;N;0;1;1;725,80;;;;;
E;29/04/2035;28;288;143;0;0;N;0;3;1;942,60;;;;;
E;29/04/2035;28;162;81;167,4801;0;E;5;3;2;642,70;;;;;
D;23/04/2025;28;5;3;9,4181;0;E;2;1;1;819,00;;;;;
E;29/04/2035;28;149;75;9,4181;0;E;2;3;1;604,50;;;;;
D;23/04/2025;28;33;17;7,0636;0,0065;F;2;1;1;814,70;;;;;
E;29/04/2035;28;179;89;7,0636;0,0065;F;2;3;1;1068,00;;;;;
D;23/04/2025;28;61;31;4,709;0,0131;G;2;1;1;762,60;;;;;
E;29/04/2035;28;205;103;4,709;0,0131;G;2;3;1;738,60;;;;;
D;23/04/2025;28;89;45;2,3545;0,0196;H;2;1;1;663,30;;;;;
E;29/04/2035;28;236;117;2,3545;0,0196;H;2;3;1;778,20;;;;;
D;23/04/2025;28;117;59;0;0,0261;I;2;1;1;829,20;;;;;
E;29/04/2035;28;263;131;0;0,0261;I;2;3;1;857,10;;;;;
D;23/04/2025;28;6;3;9,4181;0;E;2;1;2;863,00;;;;;
E;29/04/2035;28;152;75;9,4181;0;E;2;3;2;648,50;;;;;
D;23/04/2025;28;34;17;7,0636;0,0065;F;2;1;2;810,30;;;;;
E;29/04/2035;28;178;89;7,0636;0,0065;F;2;3;2;716,20;;;;;
D;23/04/2025;28;62;31;4,709;0,0131;G;2;1;2;842,00;;;;;
E;29/04/2035;28;208;103;4,709;0,0131;G;2;3;2;576,10;;;;;
D;23/04/2025;28;90;45;2,3545;0,0196;H;2;1;2;630,40;;;;;
E;29/04/2035;28;233;117;2,3545;0,0196;H;2;3;2;691,80;;;;;
D;23/04/2025;28;118;59;0;0,0261;I;2;1;2;1152,70;;;;;
E;29/04/2035;28;262;131;0;0,0261;I;2;3;2;642,20;;;;;
D;24/04/2025;29,1;141;71;0;0;N;0;1;1;620,70;46,8;4,1;;;
E;30/04/2035;29,1;288;143;0;0;N;0;3;1;846,80;22,4;3,5;;;
E;30/04/2035;29,1;162;81;167,4801;0;E;5;3;2;556,10;41739,9;4;;;
D;24/04/2025;29,1;5;3;9,4181;0;E;2;1;1;578,50;2061,7;23,6;;;
E;30/04/2035;29,1;149;75;9,4181;0;E;2;3;1;519,00;2730;3,3;;;
D;24/04/2025;29,1;33;17;7,0636;0,0065;F;2;1;1;602,00;1755,8;159,5;;;
E;30/04/2035;29,1;179;89;7,0636;0,0065;F;2;3;1;849,70;2168,2;155,7;;;
D;24/04/2025;29,1;61;31;4,709;0,0131;G;2;1;1;549,60;681,6;244,7;;;
E;30/04/2035;29,1;205;103;4,709;0,0131;G;2;3;1;567,20;;310,1;;;
D;24/04/2025;29,1;89;45;2,3545;0,0196;H;2;1;1;497,90;653,2;327,8;;;
E;30/04/2035;29,1;236;117;2,3545;0,0196;H;2;3;1;546,30;833,8;541,1;;;
D;24/04/2025;29,1;117;59;0;0,0261;I;2;1;1;626,10;404,6;452,1;;;
E;30/04/2035;29,1;263;131;0;0,0261;I;2;3;1;638,90;120,1;558,1;;;
D;24/04/2025;29,1;6;3;9,4181;0;E;2;1;2;645,20;1761,6;19,3;;;
E;30/04/2035;29,1;152;75;9,4181;0;E;2;3;2;573,60;2859,1;3,4;;;
D;24/04/2025;29,1;34;17;7,0636;0,0065;F;2;1;2;577,60;1415,2;159,8;;;
E;30/04/2035;29,1;178;89;7,0636;0,0065;F;2;3;2;600,80;1938,1;155,7;;;
D;24/04/2025;29,1;62;31;4,709;0,0131;G;2;1;2;592,20;1220;330,5;;;
E;30/04/2035;29,1;208;103;4,709;0,0131;G;2;3;2;437,00;;326,9;;;
D;24/04/2025;29,1;90;45;2,3545;0,0196;H;2;1;2;504,90;560,7;283,5;;;
E;30/04/2035;29,1;233;117;2,3545;0,0196;H;2;3;2;471,60;629,9;468,1;;;
D;24/04/2025;29,1;118;59;0;0,0261;I;2;1;2;890,10;266,3;482,4;;;
E;30/04/2035;29,1;262;131;0;0,0261;I;2;3;2;492,20;132,8;506,2;;;
;;;;;;;;;;;;;;;;